frame_number,track_id,car_bbox,car_bbox_score,license_plate_bbox,license_plate_bbox_score,license_plate_number,license_text_score
145,26.0,[0.0 598.8864135742188 617.2764282226562 1136.7779541015625],0.7965922355651855,[372.4100036621094 344.0511169433594 515.6068725585938 418.4219665527344],0.5959401726722717,EA26GOG,0.7151869873404636
146,26.0,[0.0 596.7122192382812 621.9383544921875 1142.5675048828125],0.8735266327857971,[375.7899475097656 347.6104736328125 518.3472290039062 421.0734558105469],0.622829794883728,BA56GOG,0.5661535576788475
147,26.0,[0.0 594.0529174804688 626.2838745117188 1147.178466796875],0.8014154434204102,[378.8083801269531 352.98626708984375 522.8734130859375 425.3211975097656],0.6128028631210327,BI86GOG,0.3700970264533095
