frame_number,track_id,car_bbox,car_bbox_score,license_plate_bbox,license_plate_bbox_score,license_plate_number,license_text_score
138,10.0,[0.0 616.1764526367188 613.4534912109375 1116.2120361328125],0.8575723171234131,[371.2027282714844 320.43035888671875 508.8096923828125 387.56317138671875],0.5764821171760559,EAS0323,0.02741684640342367
146,10.0,[0.0 596.7122802734375 621.9382934570312 1142.567626953125],0.8735260963439941,[375.7899475097656 347.6104736328125 518.3472290039062 421.0734558105469],0.6228296160697937,BAS6606,0.6083575935694046
148,10.0,[0.0 591.4059448242188 630.1239013671875 1149.552734375],0.8674914240837097,[383.2492980957031 359.21600341796875 522.6802368164062 430.6692199707031],0.5430396199226379,BAB6666,0.49120103090267886
158,10.0,[0.0 574.8011474609375 680.321533203125 1194.0567626953125],0.920163631439209,[435.5169677734375 398.5633850097656 582.44482421875 474.395751953125],0.5368329882621765,EAG6606,0.13167599538605185
