frame_number,track_id,car_bbox,car_bbox_score,license_plate_bbox,license_plate_bbox_score,license_plate_number,license_text_score
145,10.0,[0.0 598.886474609375 617.2763671875 1136.7779541015625],0.7965925335884094,[372.4100036621094 344.0511169433594 515.6068725585938 418.4219970703125],0.5959398746490479,EA26GOG,0.6974984718763367
146,10.0,[0.0 596.7122802734375 621.9382934570312 1142.567626953125],0.8735260963439941,[375.7899475097656 347.6104736328125 518.3472290039062 421.0734558105469],0.6228296160697937,BA56GOG,0.6083575935694046
147,10.0,[0.0 594.0529174804688 626.2838745117188 1147.1785888671875],0.8014160990715027,[378.8083801269531 352.986328125 522.8734130859375 425.3211669921875],0.6128022074699402,BI86GOG,0.5605341096151197
158,10.0,[0.0 574.8011474609375 680.321533203125 1194.0567626953125],0.920163631439209,[435.5169677734375 398.5633850097656 582.44482421875 474.395751953125],0.5368329882621765,EA66GOG,0.13167599538605185
