                  epoch,         train/box_loss,         train/cls_loss,         train/dfl_loss,   metrics/precision(B),      metrics/recall(B),       metrics/mAP50(B),    metrics/mAP50-95(B),           val/box_loss,           val/cls_loss,           val/dfl_loss,                 lr/pg0,                 lr/pg1,                 lr/pg2
                      1,                 2.1039,                 2.2166,                 2.4751,                0.93947,                0.80159,                0.86579,                0.46489,                 1.5372,                 1.2724,                 1.7156,             0.00066616,             0.00066616,             0.00066616
                      2,                  1.465,                 1.0757,                 1.6964,                0.92349,                0.83786,                0.91014,                0.53851,                  1.434,                0.96825,                 1.6348,               0.000893,               0.000893,               0.000893
                      3,                 1.3478,                0.89516,                 1.5854,                0.94644,                0.88678,                0.93322,                0.56811,                 1.4005,                0.76208,                 1.5634,             0.00067983,             0.00067983,             0.00067983
